DIMENSION,COUNT,MEAN,STD,MIN,25%,50%,75%,MAX
Proportionality,10000,98,5.130612,43,100,100,100,100
Competitiveness,10000,19,10.881562,3,10,18,26,61
Minority,10000,84,5.205708,62,85,86,88,100
Compactness,10000,44,6.763173,16,40,44,49,75
Splitting,10000,34,7.735397,0,30,35,40,59
