DIMENSION,COUNT,MEAN,STD,MIN,25%,50%,75%,MAX
Proportionality,9992,98,4.955762,49,100,100,100,100
Competitiveness,9992,19,10.849152,3,10,18,26,61
Minority,9992,84,5.207468,62,85,86,88,100
Compactness,9992,44,6.762687,16,40,44,49,75
Splitting,9992,34,7.733061,0,30,35,40,59
