DIMENSION,COUNT,MEAN,STD,MIN,25%,50%,75%,MAX
Proportionality,7470,98,5.716860,43,100,100,100,100
Competitiveness,7470,22,9.960991,10,15,20,29,61
Minority,7470,86,3.935087,75,86,87,88,100
Compactness,7470,43,6.838010,22,40,44,48,68
Splitting,7470,34,7.089167,20,30,35,40,59
