DIMENSION,COUNT,MEAN,STD,MIN,25%,50%,75%,MAX
Proportionality,9937,72,13.403611,24,64,73,83,100
Competitiveness,9937,42,7.496922,18,37,42,47,70
Minority,9937,59,3.354015,52,58,60,62,74
Compactness,9937,57,7.110220,34,52,58,62,79
Splitting,9937,51,9.129105,20,46,52,58,83
