DIMENSION,COUNT,MEAN,STD,MIN,25%,50%,75%,MAX
Proportionality,10000,82,3.740808,69,80,82,85,94
Competitiveness,10000,23,1.902714,18,22,24,25,30
Minority,10000,78,1.209124,74,78,79,80,82
Compactness,10000,60,2.291026,55,59,61,62,70
Splitting,10000,96,2.115384,90,95,96,98,99
