DIMENSION,COUNT,MEAN,STD,MIN,25%,50%,75%,MAX
Proportionality,9954,76,13.061217,30,67,77,86,100
Competitiveness,9954,42,6.340607,24,38,42,47,64
Minority,9954,60,3.791318,52,58,60,64,73
Compactness,9954,54,6.692372,33,50,54,59,77
Splitting,9954,51,8.589125,20,46,52,57,74
