DIMENSION,COUNT,MEAN,STD,MIN,25%,50%,75%,MAX
Proportionality,9986,73,13.025663,35,64,73,83,100
Competitiveness,9986,42,8.187175,20,37,42,48,82
Minority,9986,60,3.563703,52,58,60,64,72
Compactness,9986,52,6.901608,28,48,53,58,76
Splitting,9986,40,8.478348,20,34,40,46,68
