DIMENSION,COUNT,MEAN,STD,MIN,25%,50%,75%,MAX
Proportionality,9770,77,6.867712,56,73,78,83,98
Competitiveness,9770,27,3.798104,17,25,27,30,39
Minority,9770,73,1.953668,67,72,74,75,80
Compactness,9770,59,3.995193,47,56,59,62,74
Splitting,9770,54,8.794696,20,48,54,61,76
