DIMENSION,COUNT,MEAN,STD,MIN,25%,50%,75%,MAX
Proportionality,10000,72,13.006409,34,62,72,81,100
Competitiveness,10000,43,7.667836,18,38,43,48,74
Minority,10000,52,4.154109,50,50,50,57,68
Compactness,10000,55,7.130197,32,50,55,60,79
Splitting,10000,42,10.151196,10,35,42,49,76
