DIMENSION,COUNT,MEAN,STD,MIN,25%,50%,75%,MAX
Proportionality,9561,84,7.620059,53,79,84,89,100
Competitiveness,9561,25,4.005782,13,23,25,28,40
Minority,9561,73,1.739011,66,72,73,74,78
Compactness,9561,60,4.095301,48,58,61,64,72
Splitting,9561,56,12.132648,20,52,60,66,80
