DIMENSION,COUNT,MEAN,STD,MIN,25%,50%,75%,MAX
Proportionality,10000,73,13.021025,35,64,73,83,100
Competitiveness,10000,42,8.188593,20,37,42,48,82
Minority,10000,60,3.564564,52,58,60,64,72
Compactness,10000,52,6.913248,28,48,53,58,78
Splitting,10000,40,8.510742,14,34,40,46,68
