DIMENSION,COUNT,MEAN,STD,MIN,25%,50%,75%,MAX
Proportionality,2836,89,3.259584,85,87,88,90,100
Competitiveness,2836,30,5.816719,19,26,30,34,50
Minority,2836,52,3.277990,42,51,54,55,62
Compactness,2836,45,4.592926,30,42,46,48,60
Splitting,2836,40,7.648577,20,36,41,46,60
