DIMENSION,COUNT,MEAN,STD,MIN,25%,50%,75%,MAX
Proportionality,10000,30,11.577552,0,22,28,38,75
Competitiveness,10000,42,10.297195,17,34,44,51,68
Minority,10000,53,9.930846,24,48,50,65,93
Compactness,10000,47,9.026411,14,41,47,53,78
Splitting,10000,48,10.801790,24,40,47,56,94
